{
  "Mvids-1-監理網首頁" : {
    "transaction" : "Mvids-1-監理網首頁",
    "sampleCount" : 48,
    "errorCount" : 0,
    "errorPct" : 0.0,
    "meanResTime" : 1710.6874999999998,
    "medianResTime" : 1313.5,
    "minResTime" : 437.0,
    "maxResTime" : 6723.0,
    "pct1ResTime" : 1313.5,
    "pct2ResTime" : 2186.0,
    "pct3ResTime" : 2823.2000000000057,
    "throughput" : 0.8283288465520812,
    "receivedKBytesPerSec" : 963.6646722870073,
    "sentKBytesPerSec" : 5.724690670946366
  },
  "Mvids-3-標牌公告查詢" : {
    "transaction" : "Mvids-3-標牌公告查詢",
    "sampleCount" : 48,
    "errorCount" : 6,
    "errorPct" : 12.5,
    "meanResTime" : 1181.416666666667,
    "medianResTime" : 973.0,
    "minResTime" : 470.0,
    "maxResTime" : 2244.0,
    "pct1ResTime" : 973.0,
    "pct2ResTime" : 1735.75,
    "pct3ResTime" : 1936.0000000000002,
    "throughput" : 0.9526644834772253,
    "receivedKBytesPerSec" : 274.2895330951672,
    "sentKBytesPerSec" : 16.99701362012504
  },
  "Total" : {
    "transaction" : "Total",
    "sampleCount" : 431,
    "errorCount" : 13,
    "errorPct" : 3.0162413,
    "meanResTime" : 461.88167053364316,
    "medianResTime" : 31.0,
    "minResTime" : 2.0,
    "maxResTime" : 6723.0,
    "pct1ResTime" : 31.0,
    "pct2ResTime" : 588.0,
    "pct3ResTime" : 1759.0,
    "throughput" : 7.30657082796501,
    "receivedKBytesPerSec" : 1701.2990526145147,
    "sentKBytesPerSec" : 26.372468632391335
  },
  "Sbdemo-2-Login" : {
    "transaction" : "Sbdemo-2-Login",
    "sampleCount" : 98,
    "errorCount" : 7,
    "errorPct" : 7.142857,
    "meanResTime" : 42.908163265306115,
    "medianResTime" : 34.0,
    "minResTime" : 16.0,
    "maxResTime" : 431.0,
    "pct1ResTime" : 34.0,
    "pct2ResTime" : 40.0,
    "pct3ResTime" : 53.20000000000002,
    "throughput" : 1.8588770864946889,
    "receivedKBytesPerSec" : 4.540867436456753,
    "sentKBytesPerSec" : 1.1100433303300457
  },
  "Mvids-2-標牌公告" : {
    "transaction" : "Mvids-2-標牌公告",
    "sampleCount" : 48,
    "errorCount" : 0,
    "errorPct" : 0.0,
    "meanResTime" : 1068.3333333333335,
    "medianResTime" : 952.0,
    "minResTime" : 359.0,
    "maxResTime" : 1999.0,
    "pct1ResTime" : 952.0,
    "pct2ResTime" : 1771.25,
    "pct3ResTime" : 1891.9,
    "throughput" : 0.927052552291558,
    "receivedKBytesPerSec" : 583.8019332003109,
    "sentKBytesPerSec" : 5.19294281244568
  },
  "Sbdemo-1-LoginPage" : {
    "transaction" : "Sbdemo-1-LoginPage",
    "sampleCount" : 98,
    "errorCount" : 0,
    "errorPct" : 0.0,
    "meanResTime" : 24.73469387755101,
    "medianResTime" : 4.0,
    "minResTime" : 2.0,
    "maxResTime" : 999.0,
    "pct1ResTime" : 4.0,
    "pct2ResTime" : 5.0,
    "pct3ResTime" : 7.0,
    "throughput" : 1.6957070925544615,
    "receivedKBytesPerSec" : 1.7039869123423252,
    "sentKBytesPerSec" : 0.20699549469658957
  },
  "Sbdemo-3-Logout" : {
    "transaction" : "Sbdemo-3-Logout",
    "sampleCount" : 91,
    "errorCount" : 0,
    "errorPct" : 0.0,
    "meanResTime" : 25.725274725274723,
    "medianResTime" : 14.0,
    "minResTime" : 10.0,
    "maxResTime" : 934.0,
    "pct1ResTime" : 14.0,
    "pct2ResTime" : 16.0,
    "pct3ResTime" : 19.0,
    "throughput" : 1.7321455763666818,
    "receivedKBytesPerSec" : 2.4425959104233286,
    "sentKBytesPerSec" : 0.5362208473713264
  }
}